File Number, File Name 
0, /home/ibarry/Project-Zipline-master/dv/KME/run/kme_tb.sv
1, /home/ibarry/Project-Zipline-master/dv/agents/apb/apb_xactor.v
2, /home/ibarry/Project-Zipline-master/rtl/cr_kme/cr_kme.v
3, /home/ibarry/Project-Zipline-master/rtl/cr_kme/cr_kme_functions.v
4, /home/ibarry/Project-Zipline-master/rtl/cr_kme/cr_kme_body_param.v
5, /home/ibarry/Project-Zipline-master/rtl/common/include/cr_native_types.svh
6, /home/ibarry/Project-Zipline-master/rtl/common/include/cr_error_codes.svh
7, /home/ibarry/Project-Zipline-master/rtl/common/include/cr_structs.sv
8, /home/ibarry/Project-Zipline-master/rtl/cr_kme/cr_kme_structs.v
9, /home/ibarry/Project-Zipline-master/rtl/cr_kme/cr_kmePKG.svp
10, /home/ibarry/Project-Zipline-master/rtl/cr_kme/cr_kme_regsPKG.svp
11, /home/ibarry/Project-Zipline-master/rtl/cr_kme/cr_kme_regfilePKG.svp
12, /home/ibarry/Project-Zipline-master/rtl/common/cr_rst_sync.v
13, /home/ibarry/Project-Zipline-master/rtl/common/cr_dual_rank_synchronizer.v
14, /home/ibarry/Project-Zipline-master/rtl/cr_kme/cr_kme_core.v
15, /home/ibarry/Project-Zipline-master/rtl/common/cr_tlvp/cr_axi4s2_slv.v
16, /home/ibarry/Project-Zipline-master/rtl/common/fifo/cr_fifo_wrap2.v
17, /home/ibarry/Project-Zipline-master/rtl/common/nx_library/nx_fifo_ram_1r1w.v
18, /home/ibarry/Project-Zipline-master/rtl/common/nx_library/nx_ram_1r1w.v
19, /home/ibarry/Project-Zipline-master/rtl/common/nx_library/nx_fifo_ctrl_ram_1r1w.v
20, /home/ibarry/Project-Zipline-master/rtl/common/nx_library/nx_fifo.v
21, /home/ibarry/Project-Zipline-master/rtl/common/nx_library/nx_fifo_ctrl.v
22, /home/ibarry/Project-Zipline-master/rtl/cr_kme/cr_kme_drng.v
23, /home/ibarry/Project-Zipline-master/rtl/cr_kme/cr_kme_aes_256_drng.v
24, /home/ibarry/Project-Zipline-master/rtl/AesSecI/AesSecIStub.v
25, /home/ibarry/Project-Zipline-master/rtl/cr_kme/cr_kme_fifo.v
26, /home/ibarry/Project-Zipline-master/rtl/cr_kme/cr_kme_ckv_pipeline.v
27, /home/ibarry/Project-Zipline-master/rtl/cr_kme/cr_kme_guid_stitcher.v
28, /home/ibarry/Project-Zipline-master/rtl/cr_kme/cr_kme_tlv_parser.v
29, /home/ibarry/Project-Zipline-master/rtl/cr_kme/cr_kme_kim_drng_reader.v
30, /home/ibarry/Project-Zipline-master/rtl/cr_kme/cr_kme_ckv_reader.v
31, /home/ibarry/Project-Zipline-master/rtl/cr_kme/cr_kme_kop_assigner.v
32, /home/ibarry/Project-Zipline-master/rtl/cr_kme/cr_kme_ram_fifo.v
33, /home/ibarry/Project-Zipline-master/rtl/cr_kme/cr_kme_kop.v
34, /home/ibarry/Project-Zipline-master/rtl/cr_kme/cr_kme_kop_tlv_inspector.v
35, /home/ibarry/Project-Zipline-master/rtl/cr_kme/cr_kme_kop_upsizer_x2.v
36, /home/ibarry/Project-Zipline-master/rtl/cr_kme/cr_kme_kop_gcm.v
37, /home/ibarry/Project-Zipline-master/rtl/cr_kme/cr_kme_kop_kdf.v
38, /home/ibarry/Project-Zipline-master/rtl/cr_kme/cr_kme_kop_kdf_keyfilter.v
39, /home/ibarry/Project-Zipline-master/rtl/cr_kme/cr_kme_hmac_sha256_stub.v
40, /home/ibarry/Project-Zipline-master/rtl/cr_kme/cr_kme_kop_kdf_stream_gen.v
41, /home/ibarry/Project-Zipline-master/rtl/cr_kme/cr_kme_kop_kdf_stream_pipe.v
42, /home/ibarry/Project-Zipline-master/rtl/cr_kme/cr_kme_kop_kdf_merger.v
43, /home/ibarry/Project-Zipline-master/rtl/cr_kme/cr_kme_kop_keybuilder.v
44, /home/ibarry/Project-Zipline-master/rtl/common/cr_crc/cr_crc.v
45, /home/ibarry/Project-Zipline-master/rtl/cr_kme/cr_kme_key_tlv_compare_split.v
46, /home/ibarry/Project-Zipline-master/rtl/cr_kme/cr_kme_key_tlv_rsm.v
47, /home/ibarry/Project-Zipline-master/rtl/common/cr_tlvp/cr_tlvp2_rsm.v
48, /home/ibarry/Project-Zipline-master/rtl/common/cr_tlvp/cr_tlvp2_rsm_core.v
49, /home/ibarry/Project-Zipline-master/rtl/common/cr_tlvp/cr_axi4s_mstr.v
50, /home/ibarry/Project-Zipline-master/rtl/common/axi/axi_channel_reg_slice.v
51, /home/ibarry/Project-Zipline-master/rtl/cr_kme/cr_kme_core_glue.v
52, /home/ibarry/Project-Zipline-master/rtl/cr_cceip_64_sa/cr_sa_counter.v
53, /home/ibarry/Project-Zipline-master/rtl/common/nx_library/nx_rbus_apb.v
54, /home/ibarry/Project-Zipline-master/rtl/cr_kme/cr_kme_regfile.v
55, /home/ibarry/Project-Zipline-master/rtl/cr_kme/cr_kme_regs.sv
56, /home/ibarry/Project-Zipline-master/rtl/common/nx_library/nx_rbus_ring.v
57, /home/ibarry/Project-Zipline-master/rtl/common/nx_library/nx_interface_monitor_pipe.v
58, /home/ibarry/Project-Zipline-master/rtl/common/nx_library/nx_interface_monitor.v
59, /home/ibarry/Project-Zipline-master/rtl/common/include/nx_mem_typePKG.svp
60, /home/ibarry/Project-Zipline-master/rtl/common/nx_library/sync_fifo.v
61, /home/ibarry/Project-Zipline-master/rtl/common/nx_library/nx_credit_manager.v
62, /home/ibarry/Project-Zipline-master/rtl/common/nx_library/nx_ram_1rw.v
63, /home/ibarry/Project-Zipline-master/rtl/common/nx_library/nx_indirect_access_cntrl.v
64, /home/ibarry/Project-Zipline-master/rtl/cr_kme/cr_kme_regfile_glue.v
65, /home/ibarry/Project-Zipline-master/rtl/common/nx_library/nx_ram_1rw_indirect_access.v
66, /home/ibarry/Project-Zipline-master/rtl/common/include/nx_mem_typePKG_v2.svp
67, /home/ibarry/Project-Zipline-master/rtl/common/nx_library/nx_indirect_access_cntrl_v2.v
68, /home/ibarry/Project-Zipline-master/rtl/cr_kme/cr_kme_drbg_reggen.v
69, /home/ibarry/Project-Zipline-master/rtl/mem_wrappers/bimc_master/top/bimc_master.v
70, /home/ibarry/Project-Zipline-master/rtl/cr_kme/cr_kme_int_handler.v
71, /home/ibarry/Project-Zipline-master/rtl/common/nx_library/nx_roreg_indirect_access.v
72, /home/ibarry/Project-Zipline-master/rtl/common/nx_library/nx_reg_indirect_access.v
73, my_clks.sv
74, /lan/cva_rel/ixcom23h1/23.03.131.s001/share/etc/ixcom/IXCclkgen.sv
75, /lan/cva_rel/ixcom23h1/23.03.131.s001/tools.lnx86/etc/ixcom/GFIFO.sv
76, /lan/cva_rel/ixcom23h1/23.03.131.s001/tools.lnx86/etc/ixcom/IXCSF.sv
77, /lan/cva_rel/ixcom23h1/23.03.131.s001/tools.lnx86/etc/ixcom/ixc_time.v
